,Date,inventario_final_semanal
0,2014-01-02,
1,2014-01-03,326737.0
2,2014-01-06,
3,2014-01-07,
4,2014-01-08,326737.0
5,2014-01-09,
6,2014-01-10,
7,2014-01-13,
8,2014-01-14,
9,2014-01-15,319079.0
10,2014-01-16,
11,2014-01-17,
12,2014-01-21,
13,2014-01-22,
14,2014-01-23,320069.0
15,2014-01-24,
16,2014-01-27,
17,2014-01-28,
18,2014-01-29,326490.0
19,2014-01-30,
20,2014-01-31,
21,2014-02-03,
22,2014-02-04,
23,2014-02-05,326930.0
24,2014-02-06,
25,2014-02-07,
26,2014-02-10,
27,2014-02-11,
28,2014-02-12,329983.0
29,2014-02-13,
30,2014-02-14,
31,2014-02-18,
32,2014-02-19,
33,2014-02-20,330956.0
34,2014-02-21,
35,2014-02-24,
36,2014-02-25,
37,2014-02-26,331024.0
38,2014-02-27,
39,2014-02-28,
40,2014-03-03,
41,2014-03-04,
42,2014-03-05,332453.0
43,2014-03-06,
44,2014-03-07,
45,2014-03-10,
46,2014-03-11,
47,2014-03-12,338333.0
48,2014-03-13,
49,2014-03-14,
50,2014-03-17,
51,2014-03-18,
52,2014-03-19,344183.0
53,2014-03-20,
54,2014-03-21,
55,2014-03-24,
56,2014-03-25,
57,2014-03-26,350802.0
58,2014-03-27,
59,2014-03-28,
60,2014-03-31,
61,2014-04-01,
62,2014-04-02,348423.0
63,2014-04-03,
64,2014-04-04,
65,2014-04-07,
66,2014-04-08,
67,2014-04-09,352341.0
68,2014-04-10,
69,2014-04-11,
70,2014-04-14,
71,2014-04-15,
72,2014-04-16,362354.0
73,2014-04-17,
74,2014-04-21,
75,2014-04-22,
76,2014-04-23,362354.0
77,2014-04-24,
78,2014-04-25,
79,2014-04-28,
80,2014-04-29,
81,2014-04-30,367576.0
82,2014-05-01,
83,2014-05-02,
84,2014-05-05,
85,2014-05-06,
86,2014-05-07,366004.0
87,2014-05-08,
88,2014-05-09,
89,2014-05-12,
90,2014-05-13,
91,2014-05-14,366951.0
92,2014-05-15,
93,2014-05-16,
94,2014-05-19,
95,2014-05-20,
96,2014-05-21,359725.0
97,2014-05-22,
98,2014-05-23,
99,2014-05-27,
100,2014-05-28,
101,2014-05-29,361382.0
102,2014-05-30,
103,2014-06-02,
104,2014-06-03,
105,2014-06-04,357951.0
106,2014-06-05,
107,2014-06-06,
108,2014-06-09,
109,2014-06-10,
110,2014-06-11,355221.0
111,2014-06-12,
112,2014-06-13,
113,2014-06-16,
114,2014-06-17,
115,2014-06-18,354642.0
116,2014-06-19,
117,2014-06-20,
118,2014-06-23,
119,2014-06-24,
120,2014-06-25,356384.0
121,2014-06-26,
122,2014-06-27,
123,2014-06-30,
124,2014-07-01,
125,2014-07-02,353229.0
126,2014-07-03,
127,2014-07-07,
128,2014-07-08,
129,2014-07-09,353229.0
130,2014-07-10,
131,2014-07-11,
132,2014-07-14,
133,2014-07-15,
134,2014-07-16,343297.0
135,2014-07-17,
136,2014-07-18,
137,2014-07-21,
138,2014-07-22,
139,2014-07-23,339328.0
140,2014-07-24,
141,2014-07-25,
142,2014-07-28,
143,2014-07-29,
144,2014-07-30,335631.0
145,2014-07-31,
146,2014-08-01,
147,2014-08-04,
148,2014-08-05,
149,2014-08-06,334167.0
150,2014-08-07,
151,2014-08-08,
152,2014-08-11,
153,2014-08-12,
154,2014-08-13,335568.0
155,2014-08-14,
156,2014-08-15,
157,2014-08-18,
158,2014-08-19,
159,2014-08-20,331094.0
160,2014-08-21,
161,2014-08-22,
162,2014-08-25,
163,2014-08-26,
164,2014-08-27,329024.0
165,2014-08-28,
166,2014-08-29,
167,2014-09-02,
168,2014-09-03,
169,2014-09-04,328119.0
170,2014-09-05,
171,2014-09-08,
172,2014-09-09,
173,2014-09-10,327428.0
174,2014-09-11,
175,2014-09-12,
176,2014-09-15,
177,2014-09-16,
178,2014-09-17,331101.0
179,2014-09-18,
180,2014-09-19,
181,2014-09-22,
182,2014-09-23,
183,2014-09-24,326828.0
184,2014-09-25,
185,2014-09-26,
186,2014-09-29,
187,2014-09-30,
188,2014-10-01,325465.0
189,2014-10-02,
190,2014-10-03,
191,2014-10-06,
192,2014-10-07,
193,2014-10-08,330380.0
194,2014-10-09,
195,2014-10-10,
196,2014-10-13,
197,2014-10-14,
198,2014-10-15,
199,2014-10-16,339303.0
200,2014-10-17,
201,2014-10-20,
202,2014-10-21,
203,2014-10-22,346414.0
204,2014-10-23,
205,2014-10-24,
206,2014-10-27,
207,2014-10-28,
208,2014-10-29,348475.0
209,2014-10-30,
210,2014-10-31,
211,2014-11-03,
212,2014-11-04,
213,2014-11-05,348935.0
214,2014-11-06,
215,2014-11-07,
216,2014-11-10,
217,2014-11-11,
218,2014-11-12,
219,2014-11-13,346150.0
220,2014-11-14,
221,2014-11-17,
222,2014-11-18,
223,2014-11-19,348758.0
224,2014-11-20,
225,2014-11-21,
226,2014-11-24,
227,2014-11-25,
228,2014-11-26,350704.0
229,2014-11-28,
230,2014-12-01,
231,2014-12-02,
232,2014-12-03,347015.0
233,2014-12-04,
234,2014-12-05,
235,2014-12-08,
236,2014-12-09,
237,2014-12-10,348313.0
238,2014-12-11,
239,2014-12-12,
240,2014-12-15,
241,2014-12-16,
242,2014-12-17,347466.0
243,2014-12-18,
244,2014-12-19,
245,2014-12-22,
246,2014-12-23,
247,2014-12-24,354733.0
248,2014-12-26,
249,2014-12-29,
250,2014-12-30,
251,2014-12-31,352979.0
252,2015-01-02,
253,2015-01-05,
254,2015-01-06,
255,2015-01-07,348806.0
256,2015-01-08,
257,2015-01-09,
258,2015-01-12,
259,2015-01-13,
260,2015-01-14,354195.0
261,2015-01-15,
262,2015-01-16,
263,2015-01-20,
264,2015-01-21,
265,2015-01-22,364266.0
266,2015-01-23,
267,2015-01-26,
268,2015-01-27,
269,2015-01-28,373140.0
270,2015-01-29,
271,2015-01-30,
272,2015-02-02,
273,2015-02-03,
274,2015-02-04,379473.0
275,2015-02-05,
276,2015-02-06,
277,2015-02-09,
278,2015-02-10,
279,2015-02-11,383800.0
280,2015-02-12,
281,2015-02-13,
282,2015-02-17,
283,2015-02-18,
284,2015-02-19,391516.0
285,2015-02-20,
286,2015-02-23,
287,2015-02-24,
288,2015-02-25,399943.0
289,2015-02-26,
290,2015-02-27,
291,2015-03-02,
292,2015-03-03,
293,2015-03-04,410246.0
294,2015-03-05,
295,2015-03-06,
296,2015-03-09,
297,2015-03-10,
298,2015-03-11,415425.0
299,2015-03-12,
300,2015-03-13,
301,2015-03-16,
302,2015-03-17,
303,2015-03-18,425047.0
304,2015-03-19,
305,2015-03-20,
306,2015-03-23,
307,2015-03-24,
308,2015-03-25,433217.0
309,2015-03-26,
310,2015-03-27,
311,2015-03-30,
312,2015-03-31,
313,2015-04-01,437983.0
314,2015-04-02,
315,2015-04-06,
316,2015-04-07,
317,2015-04-08,437983.0
318,2015-04-09,
319,2015-04-10,
320,2015-04-13,
321,2015-04-14,
322,2015-04-15,450956.0
323,2015-04-16,
324,2015-04-17,
325,2015-04-20,
326,2015-04-21,
327,2015-04-22,456271.0
328,2015-04-23,
329,2015-04-24,
330,2015-04-27,
331,2015-04-28,
332,2015-04-29,458181.0
333,2015-04-30,
334,2015-05-01,
335,2015-05-04,
336,2015-05-05,
337,2015-05-06,454079.0
338,2015-05-07,
339,2015-05-08,
340,2015-05-11,
341,2015-05-12,
342,2015-05-13,451888.0
343,2015-05-14,
344,2015-05-15,
345,2015-05-18,
346,2015-05-19,
347,2015-05-20,449214.0
348,2015-05-21,
349,2015-05-22,
350,2015-05-26,
351,2015-05-27,
352,2015-05-28,446412.0
353,2015-05-29,
354,2015-06-01,
355,2015-06-02,
356,2015-06-03,444464.0
357,2015-06-04,
358,2015-06-05,
359,2015-06-08,
360,2015-06-09,
361,2015-06-10,438447.0
362,2015-06-11,
363,2015-06-12,
364,2015-06-15,
365,2015-06-16,
366,2015-06-17,435771.0
367,2015-06-18,
368,2015-06-19,
369,2015-06-22,
370,2015-06-23,
371,2015-06-24,430837.0
372,2015-06-25,
373,2015-06-26,
374,2015-06-29,
375,2015-06-30,
376,2015-07-01,433223.0
377,2015-07-02,
378,2015-07-06,
379,2015-07-07,
380,2015-07-08,433223.0
381,2015-07-09,
382,2015-07-10,
383,2015-07-13,
384,2015-07-14,
385,2015-07-15,429368.0
386,2015-07-16,
387,2015-07-17,
388,2015-07-20,
389,2015-07-21,
390,2015-07-22,431836.0
391,2015-07-23,
392,2015-07-24,
393,2015-07-27,
394,2015-07-28,
395,2015-07-29,427633.0
396,2015-07-30,
397,2015-07-31,
398,2015-08-03,
399,2015-08-04,
400,2015-08-05,423226.0
401,2015-08-06,
402,2015-08-07,
403,2015-08-10,
404,2015-08-11,
405,2015-08-12,421822.0
406,2015-08-13,
407,2015-08-14,
408,2015-08-17,
409,2015-08-18,
410,2015-08-19,424442.0
411,2015-08-20,
412,2015-08-21,
413,2015-08-24,
414,2015-08-25,
415,2015-08-26,418990.0
416,2015-08-27,
417,2015-08-28,
418,2015-08-31,
419,2015-09-01,
420,2015-09-02,423657.0
421,2015-09-03,
422,2015-09-04,
423,2015-09-08,
424,2015-09-09,
425,2015-09-10,426062.0
426,2015-09-11,
427,2015-09-14,
428,2015-09-15,
429,2015-09-16,423958.0
430,2015-09-17,
431,2015-09-18,
432,2015-09-21,
433,2015-09-22,
434,2015-09-23,422033.0
435,2015-09-24,
436,2015-09-25,
437,2015-09-28,
438,2015-09-29,
439,2015-09-30,425988.0
440,2015-10-01,
441,2015-10-02,
442,2015-10-05,
443,2015-10-06,
444,2015-10-07,429028.0
445,2015-10-08,
446,2015-10-09,
447,2015-10-12,
448,2015-10-13,
449,2015-10-14,
450,2015-10-15,436590.0
451,2015-10-16,
452,2015-10-19,
453,2015-10-20,
454,2015-10-21,444618.0
455,2015-10-22,
456,2015-10-23,
457,2015-10-26,
458,2015-10-27,
459,2015-10-28,447994.0
460,2015-10-29,
461,2015-10-30,
462,2015-11-02,
463,2015-11-03,
464,2015-11-04,450841.0
465,2015-11-05,
466,2015-11-06,
467,2015-11-09,
468,2015-11-10,
469,2015-11-11,
470,2015-11-12,454822.0
471,2015-11-13,
472,2015-11-16,
473,2015-11-17,
474,2015-11-18,455074.0
475,2015-11-19,
476,2015-11-20,
477,2015-11-23,
478,2015-11-24,
479,2015-11-25,456035.0
480,2015-11-27,
481,2015-11-30,
482,2015-12-01,
483,2015-12-02,457212.0
484,2015-12-03,
485,2015-12-04,
486,2015-12-07,
487,2015-12-08,
488,2015-12-09,453553.0
489,2015-12-10,
490,2015-12-11,
491,2015-12-14,
492,2015-12-15,
493,2015-12-16,458354.0
494,2015-12-17,
495,2015-12-18,
496,2015-12-21,
497,2015-12-22,
498,2015-12-23,452477.0
499,2015-12-24,
500,2015-12-28,
501,2015-12-29,
502,2015-12-30,452477.0
503,2015-12-31,
504,2016-01-04,
505,2016-01-05,
506,2016-01-06,452477.0
507,2016-01-07,
508,2016-01-08,
509,2016-01-11,
510,2016-01-12,
511,2016-01-13,451190.0
512,2016-01-14,
513,2016-01-15,
514,2016-01-19,
515,2016-01-20,
516,2016-01-21,455169.0
517,2016-01-22,
518,2016-01-25,
519,2016-01-26,
520,2016-01-27,463552.0
521,2016-01-28,
522,2016-01-29,
523,2016-02-01,
524,2016-02-02,
525,2016-02-03,471344.0
526,2016-02-04,
527,2016-02-05,
528,2016-02-08,
529,2016-02-09,
530,2016-02-10,470676.0
531,2016-02-11,
532,2016-02-12,
533,2016-02-16,
534,2016-02-17,
535,2016-02-18,472823.0
536,2016-02-19,
537,2016-02-22,
538,2016-02-23,
539,2016-02-24,476325.0
540,2016-02-25,
541,2016-02-26,
542,2016-02-29,
543,2016-03-01,
544,2016-03-02,486699.0
545,2016-03-03,
546,2016-03-04,
547,2016-03-07,
548,2016-03-08,
549,2016-03-09,490843.0
550,2016-03-10,
551,2016-03-11,
552,2016-03-14,
553,2016-03-15,
554,2016-03-16,492160.0
555,2016-03-17,
556,2016-03-18,
557,2016-03-21,
558,2016-03-22,
559,2016-03-23,501517.0
560,2016-03-24,
561,2016-03-28,
562,2016-03-29,
563,2016-03-30,501517.0
564,2016-03-31,
565,2016-04-01,
566,2016-04-04,
567,2016-04-05,
568,2016-04-06,498598.0
569,2016-04-07,
570,2016-04-08,
571,2016-04-11,
572,2016-04-12,
573,2016-04-13,505232.0
574,2016-04-14,
575,2016-04-15,
576,2016-04-18,
577,2016-04-19,
578,2016-04-20,507312.0
579,2016-04-21,
580,2016-04-22,
581,2016-04-25,
582,2016-04-26,
583,2016-04-27,509311.0
584,2016-04-28,
585,2016-04-29,
586,2016-05-02,
587,2016-05-03,
588,2016-05-04,512095.0
589,2016-05-05,
590,2016-05-06,
591,2016-05-09,
592,2016-05-10,
593,2016-05-11,508487.0
594,2016-05-12,
595,2016-05-13,
596,2016-05-16,
597,2016-05-17,
598,2016-05-18,509797.0
599,2016-05-19,
600,2016-05-20,
601,2016-05-23,
602,2016-05-24,
603,2016-05-25,505571.0
604,2016-05-26,
605,2016-05-27,
606,2016-05-31,
607,2016-06-01,
608,2016-06-02,504205.0
609,2016-06-03,
610,2016-06-06,
611,2016-06-07,
612,2016-06-08,501844.0
613,2016-06-09,
614,2016-06-10,
615,2016-06-13,
616,2016-06-14,
617,2016-06-15,500911.0
618,2016-06-16,
619,2016-06-17,
620,2016-06-20,
621,2016-06-21,
622,2016-06-22,499994.0
623,2016-06-23,
624,2016-06-24,
625,2016-06-27,
626,2016-06-28,
627,2016-06-29,495941.0
628,2016-06-30,
629,2016-07-01,
630,2016-07-05,
631,2016-07-06,
632,2016-07-07,493718.0
633,2016-07-08,
634,2016-07-11,
635,2016-07-12,
636,2016-07-13,491172.0
637,2016-07-14,
638,2016-07-15,
639,2016-07-18,
640,2016-07-19,
641,2016-07-20,488830.0
642,2016-07-21,
643,2016-07-22,
644,2016-07-25,
645,2016-07-26,
646,2016-07-27,490501.0
647,2016-07-28,
648,2016-07-29,
649,2016-08-01,
650,2016-08-02,
651,2016-08-03,491914.0
652,2016-08-04,
653,2016-08-05,
654,2016-08-08,
655,2016-08-09,
656,2016-08-10,492969.0
657,2016-08-11,
658,2016-08-12,
659,2016-08-15,
660,2016-08-16,
661,2016-08-17,490461.0
662,2016-08-18,
663,2016-08-19,
664,2016-08-22,
665,2016-08-23,
666,2016-08-24,492962.0
667,2016-08-25,
668,2016-08-26,
669,2016-08-29,
670,2016-08-30,
671,2016-08-31,495238.0
672,2016-09-01,
673,2016-09-02,
674,2016-09-06,
675,2016-09-07,
676,2016-09-08,480725.0
677,2016-09-09,
678,2016-09-12,
679,2016-09-13,
680,2016-09-14,480166.0
681,2016-09-15,
682,2016-09-16,
683,2016-09-19,
684,2016-09-20,
685,2016-09-21,473966.0
686,2016-09-22,
687,2016-09-23,
688,2016-09-26,
689,2016-09-27,
690,2016-09-28,472084.0
691,2016-09-29,
692,2016-09-30,
693,2016-10-03,
694,2016-10-04,
695,2016-10-05,469108.0
696,2016-10-06,
697,2016-10-07,
698,2016-10-11,
699,2016-10-12,
700,2016-10-13,473958.0
701,2016-10-14,
702,2016-10-17,
703,2016-10-18,
704,2016-10-19,468711.0
705,2016-10-20,
706,2016-10-21,
707,2016-10-24,
708,2016-10-25,
709,2016-10-26,468158.0
710,2016-10-27,
711,2016-10-28,
712,2016-10-31,
713,2016-11-01,
714,2016-11-02,482578.0
715,2016-11-03,
716,2016-11-04,
717,2016-11-07,
718,2016-11-08,
719,2016-11-09,485010.0
720,2016-11-10,
721,2016-11-14,
722,2016-11-15,
723,2016-11-16,485010.0
724,2016-11-17,
725,2016-11-18,
726,2016-11-21,
727,2016-11-22,
728,2016-11-23,489029.0
729,2016-11-25,
730,2016-11-28,
731,2016-11-29,
732,2016-11-30,488145.0
733,2016-12-01,
734,2016-12-02,
735,2016-12-05,
736,2016-12-06,
737,2016-12-07,485756.0
738,2016-12-08,
739,2016-12-09,
740,2016-12-12,
741,2016-12-13,
742,2016-12-14,483193.0
743,2016-12-15,
744,2016-12-16,
745,2016-12-19,
746,2016-12-20,
747,2016-12-21,485449.0
748,2016-12-22,
749,2016-12-23,
750,2016-12-27,
751,2016-12-28,
752,2016-12-29,486063.0
753,2016-12-30,
754,2017-01-03,
755,2017-01-04,
756,2017-01-05,479012.0
757,2017-01-06,
758,2017-01-09,
759,2017-01-10,
760,2017-01-11,483109.0
761,2017-01-12,
762,2017-01-13,
763,2017-01-17,
764,2017-01-18,
765,2017-01-19,485456.0
766,2017-01-20,
767,2017-01-23,
768,2017-01-24,
769,2017-01-25,488296.0
770,2017-01-26,
771,2017-01-27,
772,2017-01-30,
773,2017-01-31,
774,2017-02-01,494762.0
775,2017-02-02,
776,2017-02-03,
777,2017-02-06,
778,2017-02-07,
779,2017-02-08,508592.0
780,2017-02-09,
781,2017-02-10,
782,2017-02-13,
783,2017-02-14,
784,2017-02-15,518119.0
785,2017-02-16,
786,2017-02-17,
787,2017-02-21,
788,2017-02-22,
789,2017-02-23,518683.0
790,2017-02-24,
791,2017-02-27,
792,2017-02-28,
793,2017-03-01,520184.0
794,2017-03-02,
795,2017-03-03,
796,2017-03-06,
797,2017-03-07,
798,2017-03-08,528393.0
799,2017-03-09,
800,2017-03-10,
801,2017-03-13,
802,2017-03-14,
803,2017-03-15,528156.0
804,2017-03-16,
805,2017-03-17,
806,2017-03-20,
807,2017-03-21,
808,2017-03-22,533110.0
809,2017-03-23,
810,2017-03-24,
811,2017-03-27,
812,2017-03-28,
813,2017-03-29,533977.0
814,2017-03-30,
815,2017-03-31,
816,2017-04-03,
817,2017-04-04,
818,2017-04-05,535543.0
819,2017-04-06,
820,2017-04-07,
821,2017-04-10,
822,2017-04-11,
823,2017-04-12,533377.0
824,2017-04-13,
825,2017-04-17,
826,2017-04-18,
827,2017-04-19,533377.0
828,2017-04-20,
829,2017-04-21,
830,2017-04-24,
831,2017-04-25,
832,2017-04-26,528702.0
833,2017-04-27,
834,2017-04-28,
835,2017-05-01,
836,2017-05-02,
837,2017-05-03,527772.0
838,2017-05-04,
839,2017-05-05,
840,2017-05-08,
841,2017-05-09,
842,2017-05-10,522525.0
843,2017-05-11,
844,2017-05-12,
845,2017-05-15,
846,2017-05-16,
847,2017-05-17,520772.0
848,2017-05-18,
849,2017-05-19,
850,2017-05-22,
851,2017-05-23,
852,2017-05-24,516340.0
853,2017-05-25,
854,2017-05-26,
855,2017-05-30,
856,2017-05-31,
857,2017-06-01,509912.0
858,2017-06-02,
859,2017-06-05,
860,2017-06-06,
861,2017-06-07,513207.0
862,2017-06-08,
863,2017-06-09,
864,2017-06-12,
865,2017-06-13,
866,2017-06-14,511546.0
867,2017-06-15,
868,2017-06-16,
869,2017-06-19,
870,2017-06-20,
871,2017-06-21,509095.0
872,2017-06-22,
873,2017-06-23,
874,2017-06-26,
875,2017-06-27,
876,2017-06-28,509213.0
877,2017-06-29,
878,2017-06-30,
879,2017-07-03,
880,2017-07-05,
881,2017-07-06,502914.0
882,2017-07-07,
883,2017-07-10,
884,2017-07-11,
885,2017-07-12,495350.0
886,2017-07-13,
887,2017-07-14,
888,2017-07-17,
889,2017-07-18,
890,2017-07-19,490623.0
891,2017-07-20,
892,2017-07-21,
893,2017-07-24,
894,2017-07-25,
895,2017-07-26,483415.0
896,2017-07-27,
897,2017-07-28,
898,2017-07-31,
899,2017-08-01,
900,2017-08-02,481888.0
901,2017-08-03,
902,2017-08-04,
903,2017-08-07,
904,2017-08-08,
905,2017-08-09,475437.0
906,2017-08-10,
907,2017-08-11,
908,2017-08-14,
909,2017-08-15,
910,2017-08-16,466492.0
911,2017-08-17,
912,2017-08-18,
913,2017-08-21,
914,2017-08-22,
915,2017-08-23,463165.0
916,2017-08-24,
917,2017-08-25,
918,2017-08-28,
919,2017-08-29,
920,2017-08-30,457773.0
921,2017-08-31,
922,2017-09-01,
923,2017-09-05,
924,2017-09-06,
925,2017-09-07,462353.0
926,2017-09-08,
927,2017-09-11,
928,2017-09-12,
929,2017-09-13,468241.0
930,2017-09-14,
931,2017-09-15,
932,2017-09-18,
933,2017-09-19,
934,2017-09-20,472832.0
935,2017-09-21,
936,2017-09-22,
937,2017-09-25,
938,2017-09-26,
939,2017-09-27,470986.0
940,2017-09-28,
941,2017-09-29,
942,2017-10-02,
943,2017-10-03,
944,2017-10-04,464963.0
945,2017-10-05,
946,2017-10-06,
947,2017-10-09,
948,2017-10-10,
949,2017-10-11,
950,2017-10-12,462216.0
951,2017-10-13,
952,2017-10-16,
953,2017-10-17,
954,2017-10-18,456485.0
955,2017-10-19,
956,2017-10-20,
957,2017-10-23,
958,2017-10-24,
959,2017-10-25,457341.0
960,2017-10-26,
961,2017-10-27,
962,2017-10-30,
963,2017-10-31,
964,2017-11-01,454906.0
965,2017-11-02,
966,2017-11-03,
967,2017-11-06,
968,2017-11-07,
969,2017-11-08,457143.0
970,2017-11-09,
971,2017-11-10,
972,2017-11-13,
973,2017-11-14,
974,2017-11-15,458997.0
975,2017-11-16,
976,2017-11-17,
977,2017-11-20,
978,2017-11-21,
979,2017-11-22,457142.0
980,2017-11-24,
981,2017-11-27,
982,2017-11-28,
983,2017-11-29,453713.0
984,2017-11-30,
985,2017-12-01,
986,2017-12-04,
987,2017-12-05,
988,2017-12-06,448103.0
989,2017-12-07,
990,2017-12-08,
991,2017-12-11,
992,2017-12-12,
993,2017-12-13,442986.0
994,2017-12-14,
995,2017-12-15,
996,2017-12-18,
997,2017-12-19,
998,2017-12-20,436491.0
999,2017-12-21,
1000,2017-12-22,
1001,2017-12-26,
1002,2017-12-27,
1003,2017-12-28,431882.0
1004,2017-12-29,
1005,2018-01-02,
1006,2018-01-03,
1007,2018-01-04,424463.0
1008,2018-01-05,
1009,2018-01-08,
1010,2018-01-09,
1011,2018-01-10,419515.0
1012,2018-01-11,
1013,2018-01-12,
1014,2018-01-16,
1015,2018-01-17,
1016,2018-01-18,412654.0
1017,2018-01-19,
1018,2018-01-22,
1019,2018-01-23,
1020,2018-01-24,411583.0
1021,2018-01-25,
1022,2018-01-26,
1023,2018-01-29,
1024,2018-01-30,
1025,2018-01-31,418359.0
1026,2018-02-01,
1027,2018-02-02,
1028,2018-02-05,
1029,2018-02-06,
1030,2018-02-07,420254.0
1031,2018-02-08,
1032,2018-02-09,
1033,2018-02-12,
1034,2018-02-13,
1035,2018-02-14,422095.0
1036,2018-02-15,
1037,2018-02-16,
1038,2018-02-20,
1039,2018-02-21,
1040,2018-02-22,420479.0
1041,2018-02-23,
1042,2018-02-26,
1043,2018-02-27,
1044,2018-02-28,423498.0
1045,2018-03-01,
1046,2018-03-02,
1047,2018-03-05,
1048,2018-03-06,
1049,2018-03-07,425906.0
1050,2018-03-08,
1051,2018-03-09,
1052,2018-03-12,
1053,2018-03-13,
1054,2018-03-14,430928.0
1055,2018-03-15,
1056,2018-03-16,
1057,2018-03-19,
1058,2018-03-20,
1059,2018-03-21,428306.0
1060,2018-03-22,
1061,2018-03-23,
1062,2018-03-26,
1063,2018-03-27,
1064,2018-03-28,429949.0
1065,2018-03-29,
1066,2018-04-02,
1067,2018-04-03,
1068,2018-04-04,429949.0
1069,2018-04-05,
1070,2018-04-06,
1071,2018-04-09,
1072,2018-04-10,
1073,2018-04-11,428638.0
1074,2018-04-12,
1075,2018-04-13,
1076,2018-04-16,
1077,2018-04-17,
1078,2018-04-18,427567.0
1079,2018-04-19,
1080,2018-04-20,
1081,2018-04-23,
1082,2018-04-24,
1083,2018-04-25,429737.0
1084,2018-04-26,
1085,2018-04-27,
1086,2018-04-30,
1087,2018-05-01,
1088,2018-05-02,435955.0
1089,2018-05-03,
1090,2018-05-04,
1091,2018-05-07,
1092,2018-05-08,
1093,2018-05-09,433758.0
1094,2018-05-10,
1095,2018-05-11,
1096,2018-05-14,
1097,2018-05-15,
1098,2018-05-16,432354.0
1099,2018-05-17,
1100,2018-05-18,
1101,2018-05-21,
1102,2018-05-22,
1103,2018-05-23,438132.0
1104,2018-05-24,
1105,2018-05-25,
1106,2018-05-28,
1107,2018-05-29,
1108,2018-05-30,
1109,2018-05-31,434512.0
1110,2018-06-01,
1111,2018-06-04,
1112,2018-06-05,
1113,2018-06-06,436584.0
1114,2018-06-07,
1115,2018-06-08,
1116,2018-06-11,
1117,2018-06-12,
1118,2018-06-13,432441.0
1119,2018-06-14,
1120,2018-06-15,
1121,2018-06-18,
1122,2018-06-19,
1123,2018-06-20,426527.0
1124,2018-06-21,
1125,2018-06-22,
1126,2018-06-25,
1127,2018-06-26,
1128,2018-06-27,416636.0
1129,2018-06-28,
1130,2018-06-29,
1131,2018-07-02,
1132,2018-07-03,
1133,2018-07-05,417881.0
1134,2018-07-06,
1135,2018-07-09,
1136,2018-07-10,
1137,2018-07-11,405248.0
1138,2018-07-12,
1139,2018-07-13,
1140,2018-07-16,
1141,2018-07-17,
1142,2018-07-18,411084.0
1143,2018-07-19,
1144,2018-07-20,
1145,2018-07-23,
1146,2018-07-24,
1147,2018-07-25,404937.0
1148,2018-07-26,
1149,2018-07-27,
1150,2018-07-30,
1151,2018-07-31,
1152,2018-08-01,408740.0
1153,2018-08-02,
1154,2018-08-03,
1155,2018-08-06,
1156,2018-08-07,
1157,2018-08-08,407389.0
1158,2018-08-09,
1159,2018-08-10,
1160,2018-08-13,
1161,2018-08-14,
1162,2018-08-15,414194.0
1163,2018-08-16,
1164,2018-08-17,
1165,2018-08-20,
1166,2018-08-21,
1167,2018-08-22,408358.0
1168,2018-08-23,
1169,2018-08-24,
1170,2018-08-27,
1171,2018-08-28,
1172,2018-08-29,405792.0
1173,2018-08-30,
1174,2018-08-31,
1175,2018-09-04,
1176,2018-09-05,
1177,2018-09-06,401490.0
1178,2018-09-07,
1179,2018-09-10,
1180,2018-09-11,
1181,2018-09-12,396194.0
1182,2018-09-13,
1183,2018-09-14,
1184,2018-09-17,
1185,2018-09-18,
1186,2018-09-19,394137.0
1187,2018-09-20,
1188,2018-09-21,
1189,2018-09-24,
1190,2018-09-25,
1191,2018-09-26,395989.0
1192,2018-09-27,
1193,2018-09-28,
1194,2018-10-01,
1195,2018-10-02,
1196,2018-10-03,403964.0
1197,2018-10-04,
1198,2018-10-05,
1199,2018-10-08,
1200,2018-10-09,
1201,2018-10-10,
1202,2018-10-11,409951.0
1203,2018-10-12,
1204,2018-10-15,
1205,2018-10-16,
1206,2018-10-17,416441.0
1207,2018-10-18,
1208,2018-10-19,
1209,2018-10-22,
1210,2018-10-23,
1211,2018-10-24,422787.0
1212,2018-10-25,
1213,2018-10-26,
1214,2018-10-29,
1215,2018-10-30,
1216,2018-10-31,426004.0
1217,2018-11-01,
1218,2018-11-02,
1219,2018-11-05,
1220,2018-11-06,
1221,2018-11-07,431787.0
1222,2018-11-08,
1223,2018-11-09,
1224,2018-11-12,
1225,2018-11-13,
1226,2018-11-14,
1227,2018-11-15,442057.0
1228,2018-11-16,
1229,2018-11-19,
1230,2018-11-20,
1231,2018-11-21,446908.0
1232,2018-11-23,
1233,2018-11-26,
1234,2018-11-27,
1235,2018-11-28,450485.0
1236,2018-11-29,
1237,2018-11-30,
1238,2018-12-03,
1239,2018-12-04,
1240,2018-12-06,443162.0
1241,2018-12-07,
1242,2018-12-10,
1243,2018-12-11,
1244,2018-12-12,441954.0
1245,2018-12-13,
1246,2018-12-14,
1247,2018-12-17,
1248,2018-12-18,
1249,2018-12-19,441457.0
1250,2018-12-20,
1251,2018-12-21,
1252,2018-12-24,
1253,2018-12-26,
1254,2018-12-27,
1255,2018-12-28,441418.0
1256,2018-12-31,
1257,2019-01-02,
1258,2019-01-03,
1259,2019-01-04,439738.0
1260,2019-01-07,
1261,2019-01-08,
1262,2019-01-09,439738.0
1263,2019-01-10,
1264,2019-01-11,
1265,2019-01-14,
1266,2019-01-15,
1267,2019-01-16,437055.0
1268,2019-01-17,
1269,2019-01-18,
1270,2019-01-22,
1271,2019-01-23,
1272,2019-01-24,445025.0
1273,2019-01-25,
1274,2019-01-28,
1275,2019-01-29,
1276,2019-01-30,445944.0
1277,2019-01-31,
1278,2019-02-01,
1279,2019-02-04,
1280,2019-02-05,
1281,2019-02-06,447207.0
1282,2019-02-07,
1283,2019-02-08,
1284,2019-02-11,
1285,2019-02-12,
1286,2019-02-13,450840.0
1287,2019-02-14,
1288,2019-02-15,
1289,2019-02-19,
1290,2019-02-20,
1291,2019-02-21,454512.0
1292,2019-02-22,
1293,2019-02-25,
1294,2019-02-26,
1295,2019-02-27,445865.0
1296,2019-02-28,
1297,2019-03-01,
1298,2019-03-04,
1299,2019-03-05,
1300,2019-03-06,452934.0
1301,2019-03-07,
1302,2019-03-08,
1303,2019-03-11,
1304,2019-03-12,
1305,2019-03-13,449072.0
1306,2019-03-14,
1307,2019-03-15,
1308,2019-03-18,
1309,2019-03-19,
1310,2019-03-20,439483.0
1311,2019-03-21,
1312,2019-03-22,
1313,2019-03-25,
1314,2019-03-26,
1315,2019-03-27,442283.0
1316,2019-03-28,
1317,2019-03-29,
1318,2019-04-01,
1319,2019-04-02,
1320,2019-04-03,449521.0
1321,2019-04-04,
1322,2019-04-05,
1323,2019-04-08,
1324,2019-04-09,
1325,2019-04-10,456550.0
1326,2019-04-11,
1327,2019-04-12,
1328,2019-04-15,
1329,2019-04-16,
1330,2019-04-17,455154.0
1331,2019-04-18,
1332,2019-04-22,
1333,2019-04-23,
1334,2019-04-24,455154.0
1335,2019-04-25,
1336,2019-04-26,
1337,2019-04-29,
1338,2019-04-30,
1339,2019-05-01,470567.0
1340,2019-05-02,
1341,2019-05-03,
1342,2019-05-06,
1343,2019-05-07,
1344,2019-05-08,466604.0
1345,2019-05-09,
1346,2019-05-10,
1347,2019-05-13,
1348,2019-05-14,
1349,2019-05-15,472035.0
1350,2019-05-16,
1351,2019-05-17,
1352,2019-05-20,
1353,2019-05-21,
1354,2019-05-22,476775.0
1355,2019-05-23,
1356,2019-05-24,
1357,2019-05-28,
1358,2019-05-29,
1359,2019-05-30,476493.0
1360,2019-05-31,
1361,2019-06-03,
1362,2019-06-04,
1363,2019-06-05,483264.0
1364,2019-06-06,
1365,2019-06-07,
1366,2019-06-10,
1367,2019-06-11,
1368,2019-06-12,485470.0
1369,2019-06-13,
1370,2019-06-14,
1371,2019-06-17,
1372,2019-06-18,
1373,2019-06-19,482364.0
1374,2019-06-20,
1375,2019-06-21,
1376,2019-06-24,
1377,2019-06-25,
1378,2019-06-26,469576.0
1379,2019-06-27,
1380,2019-06-28,
1381,2019-07-01,
1382,2019-07-02,
1383,2019-07-03,468491.0
1384,2019-07-05,
1385,2019-07-08,
1386,2019-07-09,
1387,2019-07-10,458992.0
1388,2019-07-11,
1389,2019-07-12,
1390,2019-07-15,
1391,2019-07-16,
1392,2019-07-17,455876.0
1393,2019-07-18,
1394,2019-07-19,
1395,2019-07-22,
1396,2019-07-23,
1397,2019-07-24,445041.0
1398,2019-07-25,
1399,2019-07-26,
1400,2019-07-29,
1401,2019-07-30,
1402,2019-07-31,436545.0
1403,2019-08-01,
1404,2019-08-02,
1405,2019-08-05,
1406,2019-08-06,
1407,2019-08-07,438930.0
1408,2019-08-08,
1409,2019-08-09,
1410,2019-08-12,
1411,2019-08-13,
1412,2019-08-14,440510.0
1413,2019-08-15,
1414,2019-08-16,
1415,2019-08-19,
1416,2019-08-20,
1417,2019-08-21,437778.0
1418,2019-08-22,
1419,2019-08-23,
1420,2019-08-26,
1421,2019-08-27,
1422,2019-08-28,427751.0
1423,2019-08-29,
1424,2019-08-30,
1425,2019-09-03,
1426,2019-09-04,
1427,2019-09-05,422980.0
1428,2019-09-06,
1429,2019-09-09,
1430,2019-09-10,
1431,2019-09-11,416068.0
1432,2019-09-12,
1433,2019-09-13,
1434,2019-09-16,
1435,2019-09-17,
1436,2019-09-18,417126.0
1437,2019-09-19,
1438,2019-09-20,
1439,2019-09-23,
1440,2019-09-24,
1441,2019-09-25,419538.0
1442,2019-09-26,
1443,2019-09-27,
1444,2019-09-30,
1445,2019-10-01,
1446,2019-10-02,422642.0
1447,2019-10-03,
1448,2019-10-04,
1449,2019-10-07,
1450,2019-10-08,
1451,2019-10-09,425569.0
1452,2019-10-10,
1453,2019-10-11,
1454,2019-10-14,
1455,2019-10-15,
1456,2019-10-16,
1457,2019-10-17,434850.0
1458,2019-10-18,
1459,2019-10-21,
1460,2019-10-22,
1461,2019-10-23,433151.0
1462,2019-10-24,
1463,2019-10-25,
1464,2019-10-28,
1465,2019-10-29,
1466,2019-10-30,438853.0
1467,2019-10-31,
1468,2019-11-01,
1469,2019-11-04,
1470,2019-11-05,
1471,2019-11-06,446782.0
1472,2019-11-07,
1473,2019-11-08,
1474,2019-11-11,
1475,2019-11-12,
1476,2019-11-13,
1477,2019-11-14,449001.0
1478,2019-11-15,
1479,2019-11-18,
1480,2019-11-19,
1481,2019-11-20,450380.0
1482,2019-11-21,
1483,2019-11-22,
1484,2019-11-25,
1485,2019-11-26,
1486,2019-11-27,451952.0
1487,2019-11-29,
1488,2019-12-02,
1489,2019-12-03,
1490,2019-12-04,447096.0
1491,2019-12-05,
1492,2019-12-06,
1493,2019-12-09,
1494,2019-12-10,
1495,2019-12-11,447918.0
1496,2019-12-12,
1497,2019-12-13,
1498,2019-12-16,
1499,2019-12-17,
1500,2019-12-18,446833.0
1501,2019-12-19,
1502,2019-12-20,
1503,2019-12-23,
1504,2019-12-24,
1505,2019-12-26,
1506,2019-12-27,429896.0
1507,2019-12-30,
1508,2019-12-31,
1509,2020-01-02,
1510,2020-01-03,431060.0
1511,2020-01-06,
1512,2020-01-07,
1513,2020-01-08,431060.0
1514,2020-01-09,
1515,2020-01-10,
1516,2020-01-13,
1517,2020-01-14,
1518,2020-01-15,428511.0
1519,2020-01-16,
1520,2020-01-17,
1521,2020-01-21,
1522,2020-01-22,
1523,2020-01-23,428106.0
1524,2020-01-24,
1525,2020-01-27,
1526,2020-01-28,
1527,2020-01-29,431654.0
1528,2020-01-30,
1529,2020-01-31,
1530,2020-02-03,
1531,2020-02-04,
1532,2020-02-05,435009.0
1533,2020-02-06,
1534,2020-02-07,
1535,2020-02-10,
1536,2020-02-11,
1537,2020-02-12,442468.0
1538,2020-02-13,
1539,2020-02-14,
1540,2020-02-18,
1541,2020-02-19,
1542,2020-02-20,442883.0
1543,2020-02-21,
1544,2020-02-24,
1545,2020-02-25,
1546,2020-02-26,443335.0
1547,2020-02-27,
1548,2020-02-28,
1549,2020-03-02,
1550,2020-03-03,
1551,2020-03-04,444119.0
1552,2020-03-05,
1553,2020-03-06,
1554,2020-03-09,
1555,2020-03-10,
1556,2020-03-11,451783.0
1557,2020-03-12,
1558,2020-03-13,
1559,2020-03-16,
1560,2020-03-17,
1561,2020-03-18,453737.0
1562,2020-03-19,
1563,2020-03-20,
1564,2020-03-23,
1565,2020-03-24,
1566,2020-03-25,455360.0
1567,2020-03-26,
1568,2020-03-27,
1569,2020-03-30,
1570,2020-03-31,
1571,2020-04-01,469193.0
1572,2020-04-02,
1573,2020-04-03,
1574,2020-04-06,
1575,2020-04-07,
1576,2020-04-08,484370.0
1577,2020-04-09,
1578,2020-04-13,
1579,2020-04-14,
1580,2020-04-15,484370.0
1581,2020-04-16,
1582,2020-04-17,
1583,2020-04-20,
1584,2020-04-21,
1585,2020-04-22,518640.0
1586,2020-04-23,
1587,2020-04-24,
1588,2020-04-27,
1589,2020-04-28,
1590,2020-04-29,527631.0
1591,2020-04-30,
1592,2020-05-01,
1593,2020-05-04,
1594,2020-05-05,
1595,2020-05-06,532221.0
1596,2020-05-07,
1597,2020-05-08,
1598,2020-05-11,
1599,2020-05-12,
1600,2020-05-13,531476.0
1601,2020-05-14,
1602,2020-05-15,
1603,2020-05-18,
1604,2020-05-19,
1605,2020-05-20,526494.0
1606,2020-05-21,
1607,2020-05-22,
1608,2020-05-26,
1609,2020-05-27,
1610,2020-05-28,534422.0
1611,2020-05-29,
1612,2020-06-01,
1613,2020-06-02,
1614,2020-06-03,532345.0
1615,2020-06-04,
1616,2020-06-05,
1617,2020-06-08,
1618,2020-06-09,
1619,2020-06-10,538065.0
1620,2020-06-11,
1621,2020-06-12,
1622,2020-06-15,
1623,2020-06-16,
1624,2020-06-17,539280.0
1625,2020-06-18,
1626,2020-06-19,
1627,2020-06-22,
1628,2020-06-23,
1629,2020-06-24,540722.0
1630,2020-06-25,
1631,2020-06-26,
1632,2020-06-29,
1633,2020-06-30,
1634,2020-07-01,533527.0
1635,2020-07-02,
1636,2020-07-06,
1637,2020-07-07,
1638,2020-07-08,533527.0
1639,2020-07-09,
1640,2020-07-10,
1641,2020-07-13,
1642,2020-07-14,
1643,2020-07-15,531688.0
1644,2020-07-16,
1645,2020-07-17,
1646,2020-07-20,
1647,2020-07-21,
1648,2020-07-22,536580.0
1649,2020-07-23,
1650,2020-07-24,
1651,2020-07-27,
1652,2020-07-28,
1653,2020-07-29,525969.0
1654,2020-07-30,
1655,2020-07-31,
1656,2020-08-03,
1657,2020-08-04,
1658,2020-08-05,518596.0
1659,2020-08-06,
1660,2020-08-07,
1661,2020-08-10,
1662,2020-08-11,
1663,2020-08-12,514084.0
1664,2020-08-13,
1665,2020-08-14,
1666,2020-08-17,
1667,2020-08-18,
1668,2020-08-19,512452.0
1669,2020-08-20,
1670,2020-08-21,
1671,2020-08-24,
1672,2020-08-25,
1673,2020-08-26,507763.0
1674,2020-08-27,
1675,2020-08-28,
1676,2020-08-31,
1677,2020-09-01,
1678,2020-09-02,498401.0
1679,2020-09-03,
1680,2020-09-04,
1681,2020-09-08,
1682,2020-09-09,
1683,2020-09-10,500434.0
1684,2020-09-11,
1685,2020-09-14,
1686,2020-09-15,
1687,2020-09-16,496045.0
1688,2020-09-17,
1689,2020-09-18,
1690,2020-09-21,
1691,2020-09-22,
1692,2020-09-23,494406.0
1693,2020-09-24,
1694,2020-09-25,
1695,2020-09-28,
1696,2020-09-29,
1697,2020-09-30,492426.0
1698,2020-10-01,
1699,2020-10-02,
1700,2020-10-05,
1701,2020-10-06,
1702,2020-10-07,492927.0
1703,2020-10-08,
1704,2020-10-09,
1705,2020-10-12,
1706,2020-10-13,
1707,2020-10-14,
1708,2020-10-15,489109.0
1709,2020-10-16,
1710,2020-10-19,
1711,2020-10-20,
1712,2020-10-21,488107.0
1713,2020-10-22,
1714,2020-10-23,
1715,2020-10-26,
1716,2020-10-27,
1717,2020-10-28,492427.0
1718,2020-10-29,
1719,2020-10-30,
1720,2020-11-02,
1721,2020-11-03,
1722,2020-11-04,484429.0
1723,2020-11-05,
1724,2020-11-06,
1725,2020-11-09,
1726,2020-11-10,
1727,2020-11-11,
1728,2020-11-12,488706.0
1729,2020-11-13,
1730,2020-11-16,
1731,2020-11-17,
1732,2020-11-18,489475.0
1733,2020-11-19,
1734,2020-11-20,
1735,2020-11-23,
1736,2020-11-24,
1737,2020-11-25,488721.0
1738,2020-11-27,
1739,2020-11-30,
1740,2020-12-01,
1741,2020-12-02,488042.0
1742,2020-12-03,
1743,2020-12-04,
1744,2020-12-07,
1745,2020-12-08,
1746,2020-12-09,503231.0
1747,2020-12-10,
1748,2020-12-11,
1749,2020-12-14,
1750,2020-12-15,
1751,2020-12-16,500096.0
1752,2020-12-17,
1753,2020-12-18,
1754,2020-12-21,
1755,2020-12-22,
1756,2020-12-23,499534.0
1757,2020-12-24,
1758,2020-12-28,
1759,2020-12-29,
1760,2020-12-30,499534.0
1761,2020-12-31,
1762,2021-01-04,
1763,2021-01-05,
1764,2021-01-06,499534.0
1765,2021-01-07,
1766,2021-01-08,
1767,2021-01-11,
1768,2021-01-12,
1769,2021-01-13,482211.0
1770,2021-01-14,
1771,2021-01-15,
1772,2021-01-19,
1773,2021-01-20,
1774,2021-01-21,
1775,2021-01-22,476653.0
1776,2021-01-25,
1777,2021-01-26,
1778,2021-01-27,476653.0
1779,2021-01-28,
1780,2021-01-29,
1781,2021-02-01,
1782,2021-02-02,
1783,2021-02-03,475659.0
1784,2021-02-04,
1785,2021-02-05,
1786,2021-02-08,
1787,2021-02-09,
1788,2021-02-10,469014.0
1789,2021-02-11,
1790,2021-02-12,
1791,2021-02-16,
1792,2021-02-17,
1793,2021-02-18,461757.0
1794,2021-02-19,
1795,2021-02-22,
1796,2021-02-23,
1797,2021-02-24,463042.0
1798,2021-02-25,
1799,2021-02-26,
1800,2021-03-01,
1801,2021-03-02,
1802,2021-03-03,484605.0
1803,2021-03-04,
1804,2021-03-05,
1805,2021-03-08,
1806,2021-03-09,
1807,2021-03-10,498403.0
1808,2021-03-11,
1809,2021-03-12,
1810,2021-03-15,
1811,2021-03-16,
1812,2021-03-17,500799.0
1813,2021-03-18,
1814,2021-03-19,
1815,2021-03-22,
1816,2021-03-23,
1817,2021-03-24,502711.0
1818,2021-03-25,
1819,2021-03-26,
1820,2021-03-29,
1821,2021-03-30,
1822,2021-03-31,501835.0
1823,2021-04-01,
1824,2021-04-05,
1825,2021-04-06,
1826,2021-04-07,501835.0
1827,2021-04-08,
1828,2021-04-09,
1829,2021-04-12,
1830,2021-04-13,
1831,2021-04-14,492423.0
1832,2021-04-15,
1833,2021-04-16,
1834,2021-04-19,
1835,2021-04-20,
1836,2021-04-21,493017.0
1837,2021-04-22,
1838,2021-04-23,
1839,2021-04-26,
1840,2021-04-27,
1841,2021-04-28,493107.0
1842,2021-04-29,
1843,2021-04-30,
1844,2021-05-03,
1845,2021-05-04,
1846,2021-05-05,485117.0
1847,2021-05-06,
1848,2021-05-07,
1849,2021-05-10,
1850,2021-05-11,
1851,2021-05-12,484691.0
1852,2021-05-13,
1853,2021-05-14,
1854,2021-05-17,
1855,2021-05-18,
1856,2021-05-19,486011.0
1857,2021-05-20,
1858,2021-05-21,
1859,2021-05-24,
1860,2021-05-25,
1861,2021-05-26,484349.0
1862,2021-05-27,
1863,2021-05-28,
1864,2021-06-01,
1865,2021-06-02,
1866,2021-06-03,479270.0
1867,2021-06-04,
1868,2021-06-07,
1869,2021-06-08,
1870,2021-06-09,474029.0
1871,2021-06-10,
1872,2021-06-11,
1873,2021-06-14,
1874,2021-06-15,
1875,2021-06-16,466674.0
1876,2021-06-17,
1877,2021-06-18,
1878,2021-06-21,
1879,2021-06-22,
1880,2021-06-23,459060.0
1881,2021-06-24,
1882,2021-06-25,
1883,2021-06-28,
1884,2021-06-29,
1885,2021-06-30,452342.0
1886,2021-07-01,
1887,2021-07-02,
1888,2021-07-06,
1889,2021-07-07,
1890,2021-07-08,445476.0
1891,2021-07-09,
1892,2021-07-12,
1893,2021-07-13,
1894,2021-07-14,437580.0
1895,2021-07-15,
1896,2021-07-16,
1897,2021-07-19,
1898,2021-07-20,
1899,2021-07-21,439687.0
1900,2021-07-22,
1901,2021-07-23,
1902,2021-07-26,
1903,2021-07-27,
1904,2021-07-28,435598.0
1905,2021-07-29,
1906,2021-07-30,
1907,2021-08-02,
1908,2021-08-03,
1909,2021-08-04,439225.0
1910,2021-08-05,
1911,2021-08-06,
1912,2021-08-09,
1913,2021-08-10,
1914,2021-08-11,438777.0
1915,2021-08-12,
1916,2021-08-13,
1917,2021-08-16,
1918,2021-08-17,
1919,2021-08-18,435544.0
1920,2021-08-19,
1921,2021-08-20,
1922,2021-08-23,
1923,2021-08-24,
1924,2021-08-25,432564.0
1925,2021-08-26,
1926,2021-08-27,
1927,2021-08-30,
1928,2021-08-31,
1929,2021-09-01,425395.0
1930,2021-09-02,
1931,2021-09-03,
1932,2021-09-07,
1933,2021-09-08,
1934,2021-09-09,423867.0
1935,2021-09-10,
1936,2021-09-13,
1937,2021-09-14,
1938,2021-09-15,417445.0
1939,2021-09-16,
1940,2021-09-17,
1941,2021-09-20,
1942,2021-09-21,
1943,2021-09-22,413964.0
1944,2021-09-23,
1945,2021-09-24,
1946,2021-09-27,
1947,2021-09-28,
1948,2021-09-29,418542.0
1949,2021-09-30,
1950,2021-10-01,
1951,2021-10-04,
1952,2021-10-05,
1953,2021-10-06,420887.0
1954,2021-10-07,
1955,2021-10-08,
1956,2021-10-11,
1957,2021-10-12,
1958,2021-10-13,
1959,2021-10-14,426975.0
1960,2021-10-15,
1961,2021-10-18,
1962,2021-10-19,
1963,2021-10-20,426544.0
1964,2021-10-21,
1965,2021-10-22,
1966,2021-10-25,
1967,2021-10-26,
1968,2021-10-27,430812.0
1969,2021-10-28,
1970,2021-10-29,
1971,2021-11-01,
1972,2021-11-02,
1973,2021-11-03,434102.0
1974,2021-11-04,
1975,2021-11-05,
1976,2021-11-08,
1977,2021-11-09,
1978,2021-11-10,435104.0
1979,2021-11-11,
1980,2021-11-12,
1981,2021-11-15,
1982,2021-11-16,
1983,2021-11-17,433003.0
1984,2021-11-18,
1985,2021-11-19,
1986,2021-11-22,
1987,2021-11-23,
1988,2021-11-24,434020.0
1989,2021-11-26,
1990,2021-11-29,
1991,2021-11-30,
1992,2021-12-01,433111.0
1993,2021-12-02,
1994,2021-12-03,
1995,2021-12-06,
1996,2021-12-07,
1997,2021-12-08,432870.0
1998,2021-12-09,
1999,2021-12-10,
2000,2021-12-13,
2001,2021-12-14,
2002,2021-12-15,428286.0
2003,2021-12-16,
2004,2021-12-17,
2005,2021-12-20,
2006,2021-12-21,
2007,2021-12-22,423571.0
2008,2021-12-23,
2009,2021-12-27,
2010,2021-12-28,
2011,2021-12-29,423571.0
2012,2021-12-30,
2013,2021-12-31,
2014,2022-01-03,
2015,2022-01-04,
2016,2022-01-05,417851.0
2017,2022-01-06,
2018,2022-01-07,
2019,2022-01-10,
2020,2022-01-11,
2021,2022-01-12,413298.0
2022,2022-01-13,
2023,2022-01-14,
2024,2022-01-18,
2025,2022-01-19,
2026,2022-01-20,413813.0
2027,2022-01-21,
2028,2022-01-24,
2029,2022-01-25,
2030,2022-01-26,416190.0
2031,2022-01-27,
2032,2022-01-28,
2033,2022-01-31,
2034,2022-02-01,
2035,2022-02-02,415143.0
2036,2022-02-03,
2037,2022-02-04,
2038,2022-02-07,
2039,2022-02-08,
2040,2022-02-09,410387.0
2041,2022-02-10,
2042,2022-02-11,
2043,2022-02-14,
2044,2022-02-15,
2045,2022-02-16,411508.0
2046,2022-02-17,
2047,2022-02-18,
2048,2022-02-22,
2049,2022-02-23,
2050,2022-02-24,416022.0
2051,2022-02-25,
2052,2022-02-28,
2053,2022-03-01,
2054,2022-03-02,413425.0
2055,2022-03-03,
2056,2022-03-04,
2057,2022-03-07,
2058,2022-03-08,
2059,2022-03-09,411562.0
2060,2022-03-10,
2061,2022-03-11,
2062,2022-03-14,
2063,2022-03-15,
2064,2022-03-16,415907.0
2065,2022-03-17,
2066,2022-03-18,
2067,2022-03-21,
2068,2022-03-22,
2069,2022-03-23,413399.0
2070,2022-03-24,
2071,2022-03-25,
2072,2022-03-28,
2073,2022-03-29,
2074,2022-03-30,409950.0
2075,2022-03-31,
2076,2022-04-01,
2077,2022-04-04,
2078,2022-04-05,
2079,2022-04-06,412371.0
2080,2022-04-07,
2081,2022-04-08,
2082,2022-04-11,
2083,2022-04-12,
2084,2022-04-13,421753.0
2085,2022-04-14,
2086,2022-04-18,
2087,2022-04-19,
2088,2022-04-20,421753.0
2089,2022-04-21,
2090,2022-04-22,
2091,2022-04-25,
2092,2022-04-26,
2093,2022-04-27,414424.0
2094,2022-04-28,
2095,2022-04-29,
2096,2022-05-02,
2097,2022-05-03,
2098,2022-05-04,415727.0
2099,2022-05-05,
2100,2022-05-06,
2101,2022-05-09,
2102,2022-05-10,
2103,2022-05-11,424214.0
2104,2022-05-12,
2105,2022-05-13,
2106,2022-05-16,
2107,2022-05-17,
2108,2022-05-18,420820.0
2109,2022-05-19,
2110,2022-05-20,
2111,2022-05-23,
2112,2022-05-24,
2113,2022-05-25,419801.0
2114,2022-05-26,
2115,2022-05-27,
2116,2022-05-31,
2117,2022-06-01,
2118,2022-06-02,414733.0
2119,2022-06-03,
2120,2022-06-06,
2121,2022-06-07,
2122,2022-06-08,416758.0
2123,2022-06-09,
2124,2022-06-10,
2125,2022-06-13,
2126,2022-06-14,
2127,2022-06-15,418714.0
2128,2022-06-16,
2129,2022-06-17,
2130,2022-06-21,
2131,2022-06-22,
2132,2022-06-23,
2133,2022-06-24,
2134,2022-06-27,
2135,2022-06-28,
2136,2022-06-29,415566.0
2137,2022-06-29,415566.0
2138,2022-06-30,
2139,2022-07-01,
2140,2022-07-05,
2141,2022-07-06,
2142,2022-07-07,423800.0
2143,2022-07-08,
2144,2022-07-11,
2145,2022-07-12,
2146,2022-07-13,427054.0
2147,2022-07-14,
2148,2022-07-15,
2149,2022-07-18,
2150,2022-07-19,
2151,2022-07-20,426609.0
2152,2022-07-21,
2153,2022-07-22,
2154,2022-07-25,
2155,2022-07-26,
2156,2022-07-27,422086.0
2157,2022-07-28,
2158,2022-07-29,
2159,2022-08-01,
2160,2022-08-02,
2161,2022-08-03,426553.0
2162,2022-08-04,
2163,2022-08-05,
2164,2022-08-08,
2165,2022-08-09,
2166,2022-08-10,432010.0
2167,2022-08-11,
2168,2022-08-12,
2169,2022-08-15,
2170,2022-08-16,
2171,2022-08-17,424954.0
2172,2022-08-18,
2173,2022-08-19,
2174,2022-08-22,
2175,2022-08-23,
2176,2022-08-24,421672.0
2177,2022-08-25,
2178,2022-08-26,
2179,2022-08-29,
2180,2022-08-30,
2181,2022-08-31,418346.0
2182,2022-09-01,
2183,2022-09-02,
2184,2022-09-06,
2185,2022-09-07,
2186,2022-09-08,427191.0
2187,2022-09-09,
2188,2022-09-12,
2189,2022-09-13,
2190,2022-09-14,429633.0
2191,2022-09-15,
2192,2022-09-16,
2193,2022-09-19,
2194,2022-09-20,
2195,2022-09-21,430774.0
2196,2022-09-22,
2197,2022-09-23,
2198,2022-09-26,
2199,2022-09-27,
2200,2022-09-28,430559.0
2201,2022-09-29,
2202,2022-09-30,
2203,2022-10-03,
2204,2022-10-04,
2205,2022-10-05,429203.0
2206,2022-10-06,
2207,2022-10-07,
2208,2022-10-10,
2209,2022-10-11,
2210,2022-10-12,
2211,2022-10-13,439082.0
2212,2022-10-14,
2213,2022-10-17,
2214,2022-10-18,
2215,2022-10-19,437357.0
2216,2022-10-20,
2217,2022-10-21,
2218,2022-10-24,
2219,2022-10-25,
2220,2022-10-26,439945.0
2221,2022-10-27,
2222,2022-10-28,
2223,2022-10-31,
2224,2022-11-01,
2225,2022-11-02,436830.0
2226,2022-11-03,
2227,2022-11-04,
2228,2022-11-07,
2229,2022-11-08,
2230,2022-11-09,440755.0
2231,2022-11-10,
2232,2022-11-11,
2233,2022-11-14,
2234,2022-11-15,
2235,2022-11-16,435355.0
2236,2022-11-17,
2237,2022-11-18,
2238,2022-11-21,
2239,2022-11-22,
2240,2022-11-23,431665.0
2241,2022-11-25,
2242,2022-11-28,
2243,2022-11-29,
2244,2022-11-30,419084.0
2245,2022-12-01,
2246,2022-12-02,
2247,2022-12-05,
2248,2022-12-06,
2249,2022-12-07,413898.0
2250,2022-12-08,
2251,2022-12-09,
2252,2022-12-12,
2253,2022-12-13,
2254,2022-12-14,424129.0
2255,2022-12-15,
2256,2022-12-16,
2257,2022-12-19,
2258,2022-12-20,
2259,2022-12-21,418234.0
2260,2022-12-22,
2261,2022-12-23,
2262,2022-12-27,
2263,2022-12-28,
2264,2022-12-29,418952.0
2265,2022-12-30,
2266,2023-01-03,
2267,2023-01-04,
2268,2023-01-05,420646.0
2269,2023-01-06,
2270,2023-01-09,
2271,2023-01-10,
2272,2023-01-11,439607.0
2273,2023-01-12,
2274,2023-01-13,
2275,2023-01-17,
2276,2023-01-18,
2277,2023-01-19,448015.0
2278,2023-01-20,
2279,2023-01-23,
2280,2023-01-24,
2281,2023-01-25,448548.0
2282,2023-01-26,
2283,2023-01-27,
2284,2023-01-30,
2285,2023-01-31,
2286,2023-02-01,452688.0
2287,2023-02-02,
2288,2023-02-03,
2289,2023-02-06,
2290,2023-02-07,
2291,2023-02-08,455111.0
2292,2023-02-09,
2293,2023-02-10,
2294,2023-02-13,
2295,2023-02-14,
2296,2023-02-15,471394.0
2297,2023-02-16,
2298,2023-02-17,
2299,2023-02-21,
2300,2023-02-22,
2301,2023-02-23,479041.0
2302,2023-02-24,
2303,2023-02-27,
2304,2023-02-28,
2305,2023-03-01,480207.0
2306,2023-03-02,
2307,2023-03-03,
2308,2023-03-06,
2309,2023-03-07,
2310,2023-03-08,478513.0
2311,2023-03-09,
2312,2023-03-10,
2313,2023-03-13,
2314,2023-03-14,
2315,2023-03-15,480063.0
2316,2023-03-16,
2317,2023-03-17,
2318,2023-03-20,
2319,2023-03-21,
2320,2023-03-22,481180.0
2321,2023-03-23,
2322,2023-03-24,
2323,2023-03-27,
2324,2023-03-28,
2325,2023-03-29,473691.0
2326,2023-03-30,
2327,2023-03-31,
2328,2023-04-03,
2329,2023-04-04,
2330,2023-04-05,469952.0
2331,2023-04-06,
2332,2023-04-10,
2333,2023-04-11,
2334,2023-04-12,469952.0
2335,2023-04-13,
2336,2023-04-14,
2337,2023-04-17,
2338,2023-04-18,
2339,2023-04-19,465968.0
2340,2023-04-20,
2341,2023-04-21,
2342,2023-04-24,
2343,2023-04-25,
2344,2023-04-26,460914.0
2345,2023-04-27,
2346,2023-04-28,
2347,2023-05-01,
2348,2023-05-02,
2349,2023-05-03,459633.0
2350,2023-05-04,
2351,2023-05-05,
2352,2023-05-08,
2353,2023-05-09,
2354,2023-05-10,462584.0
2355,2023-05-11,
2356,2023-05-12,
2357,2023-05-15,
2358,2023-05-16,
2359,2023-05-17,467624.0
2360,2023-05-18,
2361,2023-05-19,
2362,2023-05-22,
2363,2023-05-23,
2364,2023-05-24,455168.0
2365,2023-05-25,
2366,2023-05-26,
2367,2023-05-30,
2368,2023-05-31,
2369,2023-06-01,459657.0
2370,2023-06-02,
2371,2023-06-05,
2372,2023-06-06,
2373,2023-06-07,459205.0
2374,2023-06-08,
2375,2023-06-09,
2376,2023-06-12,
2377,2023-06-13,
2378,2023-06-14,467124.0
2379,2023-06-15,
2380,2023-06-16,
2381,2023-06-20,
2382,2023-06-21,
2383,2023-06-22,463293.0
2384,2023-06-23,
2385,2023-06-26,
2386,2023-06-27,
2387,2023-06-28,453690.0
2388,2023-06-29,
2389,2023-06-30,
2390,2023-07-03,
2391,2023-07-05,
2392,2023-07-06,452182.0
2393,2023-07-07,
2394,2023-07-10,
2395,2023-07-11,
2396,2023-07-12,458128.0
2397,2023-07-13,
2398,2023-07-14,
2399,2023-07-17,
2400,2023-07-18,
2401,2023-07-19,457420.0
2402,2023-07-20,
2403,2023-07-21,
2404,2023-07-24,
2405,2023-07-25,
2406,2023-07-26,456820.0
2407,2023-07-27,
2408,2023-07-28,
2409,2023-07-31,
2410,2023-08-01,
2411,2023-08-02,439771.0
2412,2023-08-03,
2413,2023-08-04,
2414,2023-08-07,
2415,2023-08-08,
2416,2023-08-09,445622.0
2417,2023-08-10,
2418,2023-08-11,
2419,2023-08-14,
2420,2023-08-15,
2421,2023-08-16,439662.0
2422,2023-08-17,
2423,2023-08-18,
2424,2023-08-21,
2425,2023-08-22,
2426,2023-08-23,433528.0
2427,2023-08-24,
2428,2023-08-25,
2429,2023-08-28,
2430,2023-08-29,
2431,2023-08-30,422944.0
2432,2023-08-31,
2433,2023-09-01,
2434,2023-09-05,
2435,2023-09-06,
2436,2023-09-07,416637.0
2437,2023-09-08,
2438,2023-09-11,
2439,2023-09-12,
2440,2023-09-13,420592.0
2441,2023-09-14,
2442,2023-09-15,
2443,2023-09-18,
2444,2023-09-19,
2445,2023-09-20,418456.0
2446,2023-09-21,
2447,2023-09-22,
2448,2023-09-25,
2449,2023-09-26,
2450,2023-09-27,416287.0
2451,2023-09-28,
2452,2023-09-29,
2453,2023-10-02,
2454,2023-10-03,
2455,2023-10-04,414063.0
2456,2023-10-05,
2457,2023-10-06,
2458,2023-10-09,
2459,2023-10-10,
2460,2023-10-11,
2461,2023-10-12,424239.0
2462,2023-10-13,
2463,2023-10-16,
2464,2023-10-17,
2465,2023-10-18,419748.0
2466,2023-10-19,
2467,2023-10-20,
2468,2023-10-23,
2469,2023-10-24,
2470,2023-10-25,421120.0
2471,2023-10-26,
2472,2023-10-27,
2473,2023-10-30,
2474,2023-10-31,
2475,2023-11-01,421893.0
2476,2023-11-02,
2477,2023-11-03,
2478,2023-11-06,
2479,2023-11-07,
2480,2023-11-08,
2481,2023-11-09,
2482,2023-11-10,
2483,2023-11-13,
2484,2023-11-14,
2485,2023-11-15,439354.0
2486,2023-11-15,439354.0
2487,2023-11-16,
2488,2023-11-17,
2489,2023-11-20,
2490,2023-11-21,
2491,2023-11-22,448054.0
2492,2023-11-23,
2493,2023-11-24,
2494,2023-11-27,
2495,2023-11-28,
2496,2023-11-29,449664.0
2497,2023-11-30,
2498,2023-12-01,
2499,2023-12-04,
2500,2023-12-05,
2501,2023-12-06,445031.0
2502,2023-12-07,
2503,2023-12-08,
2504,2023-12-11,
2505,2023-12-12,
2506,2023-12-13,440773.0
2507,2023-12-14,
2508,2023-12-15,
2509,2023-12-18,
2510,2023-12-19,
2511,2023-12-20,443682.0
2512,2023-12-21,
2513,2023-12-22,
2514,2023-12-26,
2515,2023-12-27,
2516,2023-12-28,436568.0
2517,2023-12-29,
2518,2024-01-02,
2519,2024-01-03,
2520,2024-01-04,431065.0
2521,2024-01-05,
2522,2024-01-08,
2523,2024-01-09,
2524,2024-01-10,432403.0
2525,2024-01-11,
2526,2024-01-12,
2527,2024-01-16,
2528,2024-01-17,
2529,2024-01-18,429911.0
2530,2024-01-19,
2531,2024-01-22,
2532,2024-01-23,
2533,2024-01-24,420678.0
2534,2024-01-25,
2535,2024-01-26,
2536,2024-01-29,
2537,2024-01-30,
2538,2024-01-31,421912.0
2539,2024-02-01,
2540,2024-02-02,
2541,2024-02-05,
2542,2024-02-06,
2543,2024-02-07,427432.0
2544,2024-02-08,
2545,2024-02-09,
2546,2024-02-12,
2547,2024-02-13,
2548,2024-02-14,439450.0
2549,2024-02-15,
2550,2024-02-16,
2551,2024-02-20,
2552,2024-02-21,
2553,2024-02-22,442964.0
2554,2024-02-23,
2555,2024-02-26,
2556,2024-02-27,
2557,2024-02-28,447163.0
2558,2024-02-29,
2559,2024-03-01,
2560,2024-03-04,
2561,2024-03-05,
2562,2024-03-06,448530.0
2563,2024-03-07,
2564,2024-03-08,
2565,2024-03-11,
2566,2024-03-12,
2567,2024-03-13,446994.0
2568,2024-03-14,
2569,2024-03-15,
2570,2024-03-18,
2571,2024-03-19,
2572,2024-03-20,445042.0
2573,2024-03-21,
2574,2024-03-22,
2575,2024-03-25,
2576,2024-03-26,
2577,2024-03-27,448207.0
2578,2024-03-28,
2579,2024-04-01,
2580,2024-04-02,
2581,2024-04-03,448207.0
2582,2024-04-04,
2583,2024-04-05,
2584,2024-04-08,
2585,2024-04-09,
2586,2024-04-10,457258.0
2587,2024-04-11,
2588,2024-04-12,
2589,2024-04-15,
2590,2024-04-16,
2591,2024-04-17,459993.0
2592,2024-04-18,
2593,2024-04-19,
2594,2024-04-22,
2595,2024-04-23,
2596,2024-04-24,453625.0
2597,2024-04-25,
2598,2024-04-26,
2599,2024-04-29,
2600,2024-04-30,
2601,2024-05-01,460890.0
2602,2024-05-02,
2603,2024-05-03,
2604,2024-05-06,
2605,2024-05-07,
2606,2024-05-08,459528.0
2607,2024-05-09,
2608,2024-05-10,
2609,2024-05-13,
2610,2024-05-14,
2611,2024-05-15,457020.0
2612,2024-05-16,
2613,2024-05-17,
2614,2024-05-20,
2615,2024-05-21,
2616,2024-05-22,458845.0
2617,2024-05-23,
2618,2024-05-24,
2619,2024-05-28,
2620,2024-05-29,
2621,2024-05-30,454689.0
2622,2024-05-31,
2623,2024-06-03,
2624,2024-06-04,
2625,2024-06-05,455922.0
2626,2024-06-06,
2627,2024-06-07,
2628,2024-06-10,
2629,2024-06-11,
2630,2024-06-12,459652.0
2631,2024-06-13,
2632,2024-06-14,
2633,2024-06-17,
2634,2024-06-18,
2635,2024-06-20,457105.0
2636,2024-06-21,
2637,2024-06-24,
2638,2024-06-25,
2639,2024-06-26,460696.0
2640,2024-06-27,
2641,2024-06-28,
2642,2024-07-01,
2643,2024-07-02,
2644,2024-07-03,448539.0
2645,2024-07-05,
2646,2024-07-08,
2647,2024-07-09,
2648,2024-07-10,445096.0
2649,2024-07-11,
2650,2024-07-12,
2651,2024-07-15,
2652,2024-07-16,
2653,2024-07-17,440226.0
2654,2024-07-18,
2655,2024-07-19,
2656,2024-07-22,
2657,2024-07-23,
2658,2024-07-24,436485.0
2659,2024-07-25,
2660,2024-07-26,
2661,2024-07-29,
2662,2024-07-30,
2663,2024-07-31,433049.0
